id_A,id_B,predicted_match,hotel_name,address,city,country,latitude,longitude,rating,reviews_count,enriched_category_stars,enriched_review_score,enriched_amenities
A00013,B00009,1,Hotel Paulista Saint,Avenida Central 6230,Belo Horizonte,BR,-19.90801,-43.893659,4.8,706.0,5.0,9.4,"pet_friendly, spa, gym"
A00096,B00085,1,Inn Seine Saint,"Avenue Europa, 9562",Belo Horizonte,BR,-19.955674,-43.857453,3.8,387.0,5.0,8.7,"air_conditioning, restaurant, wifi, pool"
A00127,B00116,1,Residency Europa,"Rua das Flores, 2833",Belo Horizonte,BR,-19.851704,-43.914901,3.8,936.0,4.0,7.8,"gym, restaurant, bar, parking, pool, wifi"
A00130,B00119,1,Inn Gaudí,"Rua Copacabana, 1066",Belo Horizonte,BR,-19.934105,-43.871378,3.8,53.0,3.0,7.2,"pool, bar, wifi, gym, restaurant"
A00148,B00137,1,Grand Hotel Cathedral & Spa,"Avenue Central, 8042",Belo Horizonte,BR,-19.873712,-43.985932,4.3,93.0,3.0,7.0,"pool, spa, parking"
A00156,B00145,1,Pousada Seine Saint,"Praça Copacabana, 5393",Belo Horizonte,BR,-19.917539,-43.890322,3.2,148.0,4.0,8.0,"pool, air_conditioning, parking, pet_friendly"
A00162,B00151,1,Palace Central,"Avenida Copacabana, 3565",Belo Horizonte,BR,-19.939555,-43.944223,4.5,842.0,3.0,7.3,"spa, wifi, gym, parking, pool"
A00163,B00152,1,Residency Paulista,"Rua Europa, 1914",Belo Horizonte,BR,-20.0127,-43.780297,5.0,332.0,4.0,9.1,"wifi, spa, gym"
A00183,B00172,1,Inn Europa,"Street das Flores, 9580",Belo Horizonte,BR,-19.872694,-43.793548,3.8,602.0,3.0,7.2,"restaurant, wifi, spa, bar, gym"
A00187,B00176,1,Inn Lumière,"St Augusta, 1391",Belo Horizonte,BR,-19.924547,-43.940387,4.7,492.0,4.0,9.0,"wifi, restaurant, spa"
A00188,B00177,1,Pousada Copacabana,"Avenue Central, 7474",Belo Horizonte,BR,-19.994314,-43.912898,3.0,590.0,5.0,9.1,"restaurant, pool, air_conditioning, parking"
A00202,B00191,1,Hotel Copacabana,"Praça da Sé, 2476",Belo Horizonte,BR,-19.886827,-44.018908,3.4,791.0,5.0,7.8,"spa, air_conditioning, gym, restaurant, bar"
A00203,B00192,1,Grand Hotel Liberdade 2,"Street Copacabana, 5250",Belo Horizonte,BR,-20.016427,-43.970214,3.4,550.0,3.0,7.2,"pet_friendly, gym, spa, bar, restaurant"
A00205,B00194,1,Grand Hotel Augusta Boutique,"Av. Copacabana, 5783",Belo Horizonte,BR,-19.998819,-44.002799,4.0,24.0,4.0,9.2,"air_conditioning, restaurant, spa, pool, wifi"
A00252,B00241,1,Suites Copacabana,"Avenue Augusta, 661",Belo Horizonte,BR,-19.923939,-44.014796,4.2,1037.0,3.0,7.3,"air_conditioning, pool, wifi"
A00254,B00243,1,Residency Gaudí Saint,Avenue Liberdade 6749,Belo Horizonte,BR,-19.847713,-43.95411,4.9,866.0,3.0,9.6,"air_conditioning, spa, pet_friendly, restaurant, parking"
A00263,B00252,1,Pousada Gaudí Saint,"Praça Europa, 2071",Belo Horizonte,BR,-19.933859,-43.94342,4.3,1.0,4.0,8.1,"pet_friendly, bar, restaurant, gym"
A00267,B00256,1,Pousada Cathedral,"Rua das Flores, 9715",Belo Horizonte,BR,-19.946424,-43.911729,4.4,766.0,4.0,9.1,"wifi, pool, bar, spa, pet_friendly"
A00273,B00262,1,Palace Gaudí Saint Boutique,"Street Liberdade, 8449",Belo Horizonte,BR,-19.959006,-43.927249,3.4,480.0,3.0,8.5,"spa, parking, restaurant, air_conditioning, pool"
A00286,B00275,1,Palace Europa II,"Avenida dos Andradas, 1816",Belo Horizonte,BR,-19.910731,-43.937714,4.7,436.0,3.0,7.4,"parking, gym, restaurant, pool, bar, air_conditioning"
A00289,B00278,1,Residency Liberdade & Spa,"Praça das Flores, 2208",Belo Horizonte,BR,-19.889036,-43.906878,2.6,224.0,5.0,9.3,"pool, restaurant, bar, gym, wifi"
A00315,B00304,1,Palace Seine Saint,"Avenida das Flores, 5308",Belo Horizonte,BR,-19.82216,-43.977315,3.7,701.0,5.0,8.7,"restaurant, pool, pet_friendly"
A00321,B00310,1,Pousada Liberdade II,"Avenida Paulista, 6319",Belo Horizonte,BR,-19.953376,-43.994641,5.0,836.0,4.0,9.0,"pool, bar, pet_friendly, parking, gym, restaurant"
A00324,B00313,1,Suites Gaudí,"Praça Copacabana, 6802",Belo Horizonte,BR,-19.876836,-44.051893,3.9,438.0,5.0,8.6,"gym, parking, wifi, restaurant"
A00339,B00328,1,Grand Hotel Augusta II,"Av. Augusta, 5233",Belo Horizonte,BR,-19.922291,-43.905614,4.5,425.0,3.0,7.0,"restaurant, pool, pet_friendly, spa"
A00340,B00329,1,Inn Paulista Saint,"Street dos Andradas, 616",Belo Horizonte,BR,-19.82255,-43.963869,3.8,632.0,5.0,8.8,"spa, bar, air_conditioning, wifi, pet_friendly, gym"
A00352,B00341,1,Europa II,Rua Central 308,Belo Horizonte,BR,-19.912013,-44.019986,4.7,674.0,4.0,9.2,"pet_friendly, spa, gym, bar, restaurant"
A00361,B00350,1,Inn Cathedral,"Rua dos Andradas, 4183",Belo Horizonte,BR,-19.943864,-43.965583,3.7,1.0,5.0,9.6,"restaurant, gym, parking, wifi, pool, spa"
A00362,B00351,1, Seine,"Pça. da República, 2673",Belo Horizonte,BR,-19.892441,-43.926989,4.2,902.0,5.0,9.3,"wifi, gym, bar, pet_friendly"
A00367,B00356,1,Inn Liberdade,"Praça Augusta, 2467",Belo Horizonte,BR,-20.032798,-43.881833,4.4,632.0,3.0,7.6,"pool, parking, air_conditioning, restaurant"
A00390,B00379,1,Suites Europa II,"Avenida Europa, 9944",Belo Horizonte,BR,-19.972748,-43.954677,3.4,824.0,4.0,8.0,"restaurant, bar, parking"
A00420,B00409,1,Palace Gaudí Saint,"Avenida das Flores, 2581",Belo Horizonte,BR,-19.93418,-43.818966,4.0,342.0,4.0,7.0,"bar, spa, pet_friendly"
A00079,B00068,1,Grand  Gaudí,"Rua das Flores, 6279",Barcelona,ES,41.345877,2.159832,5.0,167.0,3.0,7.1,"bar, pool, restaurant, spa, gym, wifi"
A00086,B00075,1,Residency Central,"Street Copacabana, 8005",Barcelona,ES,41.418982,2.279953,3.6,324.0,3.0,9.0,"pet_friendly, bar, parking"
A00088,B00077,1,Inn Seine,"Street Paulista, 9209",Barcelona,ES,41.372055,2.160406,3.5,919.0,4.0,9.7,"pet_friendly, pool, parking, bar, air_conditioning"
A00090,B00079,1,Inn Central,"Pça. Central, 8446",Barcelona,ES,41.397474,2.109987,4.7,818.0,5.0,8.9,"gym, bar, parking, pool, restaurant"
A00106,B00095,1,Suites Cathedral II,"Avenida Central, 1192",Barcelona,ES,41.418062,2.213277,4.7,270.0,4.0,7.1,"restaurant, bar, pet_friendly, gym, pool, air_conditioning"
A00109,B00098,1,Pousada Europa,Praça Augusta 9443,Barcelona,ES,41.355082,2.12126,5.0,384.0,5.0,7.6,"air_conditioning, spa, parking, bar, gym, pool"
A00128,B00117,1,Palace Lumière St.,"Avenida Liberdade, 5257",Barcelona,ES,41.395882,2.1604,4.6,530.0,4.0,9.0,"wifi, gym, air_conditioning"
A00133,B00122,1,Palace Seine,"Street das Flores, 6029",Barcelona,ES,41.392055,2.294146,3.7,1360.0,5.0,8.0,"pool, spa, bar, restaurant"
A00150,B00139,1,Suites Paulista Saint,"Street Liberdade, 4789",Barcelona,ES,41.357911,2.096538,3.3,26.0,4.0,9.7,"parking, spa, gym, wifi"
A00157,B00146,1,Residency Lumière,"Rua Copacabana, 5469",Barcelona,ES,41.257945,2.207585,4.1,737.0,3.0,7.4,"air_conditioning, restaurant, pet_friendly, spa, wifi, parking"
A00170,B00159,1,Pousada Central Saint,"Avenida da Sé, 5353",Barcelona,ES,41.369117,2.179497,4.5,179.0,3.0,9.4,"wifi, air_conditioning, parking, bar, pool"
A00172,B00161,1,Residency Paulista II,"Avenida Augusta, 9646",Barcelona,ES,41.318147,2.061549,4.3,382.0,4.0,7.2,"restaurant, gym, pool, pet_friendly, wifi, parking"
A00174,B00163,1,Residency Lumière,"Rua Paulista, 6574",Barcelona,ES,41.472446,2.046423,4.7,380.0,3.0,7.4,"air_conditioning, restaurant, pet_friendly, spa, wifi, parking"
A00182,B00171,1,Pousada Liberdade,"Praça dos Andradas, 8947",Barcelona,ES,41.447652,2.165042,4.5,852.0,5.0,8.2,"pool, air_conditioning, pet_friendly, gym"
A00186,B00175,1, Gaudí,"Praça da Sé, 2114",Barcelona,ES,41.390024,2.164299,2.9,938.0,4.0,9.5,"pet_friendly, wifi, gym, spa"
A00189,B00178,1,Suites Europa Saint,"Avenida Paulista, 1199",Barcelona,ES,41.384847,2.271247,4.9,534.0,5.0,9.1,"restaurant, wifi, air_conditioning"
A00207,B00196,1,Inn Paulista 2,"Avenue Liberdade, 8786",Barcelona,ES,41.407597,2.269158,3.6,687.0,5.0,9.0,"parking, wifi, pet_friendly"
A00210,B00199,1,Palace Augusta II,"Street dos Andradas, 3037",Barcelona,ES,41.306922,2.229213,4.6,1.0,3.0,8.8,"gym, pet_friendly, spa, pool, wifi"
A00220,B00209,1,Grand Hotel Gaudí II,"Street da Sé, 2462",Barcelona,ES,41.386866,2.273828,3.3,864.0,3.0,9.5,"restaurant, parking, pool, air_conditioning"
A00229,B00218,1,Palace Augusta II,Rua Copacabana 6257,Barcelona,ES,41.358098,2.160891,4.5,688.0,3.0,8.8,"gym, pet_friendly, spa, pool, wifi"
A00234,B00223,1,Inn Cathedral Saint,"Street das Flores, 1975",Barcelona,ES,41.386193,2.179595,4.7,451.0,5.0,9.0,"wifi, air_conditioning, pet_friendly, restaurant"
A00250,B00239,1,Suites Gaudí,"Street Central, 6817",Barcelona,ES,41.427384,2.126638,3.7,540.0,5.0,9.5,"parking, spa, wifi"
A00259,B00248,1,Palace Seine II,"Rua Central, 4659",Barcelona,ES,41.377729,2.152714,4.6,742.0,3.0,9.5,"air_conditioning, spa, gym, bar, wifi"
A00285,B00274,1,Palace Liberdade,"Rua dos Andradas, 7481",Barcelona,ES,41.400708,2.242554,4.4,310.0,4.0,8.1,"parking, restaurant, gym, wifi, pet_friendly"
A00288,B00277,1,Inn Seine,"Avenue Europa, 3867",Barcelona,ES,41.424999,2.19808,4.2,355.0,4.0,9.7,"pet_friendly, pool, parking, bar, air_conditioning"
A00299,B00288,1,Grand  Lumière,"Street da República, 4558",Barcelona,ES,41.37217,1.997736,4.1,26.0,5.0,8.1,"pet_friendly, spa, air_conditioning, gym, parking"
A00311,B00300,1,Hotel Augusta Saint,"Avenida Augusta, 2556",Barcelona,ES,41.415733,2.18898,4.5,136.0,3.0,7.5,"air_conditioning, gym, parking, restaurant"
A00317,B00306,1,Suites Central,"Avenue da Sé, 5104",Barcelona,ES,41.433045,2.217269,4.0,935.0,4.0,7.9,"gym, restaurant, pet_friendly, spa, parking"
A00318,B00307,1, Europa,"Praça Liberdade, 137",Barcelona,ES,41.407263,2.062158,4.2,630.0,5.0,7.6,"air_conditioning, gym, parking, bar, spa"
A00319,B00308,1,Palace Paulista Saint & Spa,"Avenue Copacabana, 3688",Barcelona,ES,41.461163,2.179129,4.3,1.0,5.0,9.3,"pool, air_conditioning, pet_friendly, bar"
A00331,B00320,1,Hotel Central,"Praça dos Andradas, 4335",Barcelona,ES,41.347224,2.204196,4.9,484.0,4.0,9.3,"restaurant, spa, air_conditioning, pet_friendly"
A00341,B00330,1,Palace Paulista II,"Avenida das Flores, 3876",Barcelona,ES,41.397875,2.130328,4.1,597.0,5.0,7.1,"gym, pet_friendly, air_conditioning"
A00342,B00331,1,Residency Lumière,"Rua Liberdade, 7383",Barcelona,ES,41.358322,2.138847,4.4,1002.0,3.0,7.4,"air_conditioning, restaurant, pet_friendly, spa, wifi, parking"
A00346,B00335,1,Residency Lumière Saint,"Praça da Sé, 7543",Barcelona,ES,41.465331,2.165183,3.4,110.0,5.0,9.1,"parking, air_conditioning, wifi, bar"
A00350,B00339,1,Residency Cathedral,"Rua das Flores, 187",Barcelona,ES,41.401026,2.107576,3.7,1257.0,3.0,7.5,"air_conditioning, spa, parking"
A00384,B00373,1,Pousada Gaudí,"Praça da Sé, 5309",Barcelona,ES,41.37226,2.246145,5.0,153.0,5.0,9.2,"restaurant, pool, wifi, parking"
A00386,B00375,1,Grand Hotel Cathedral II,"Praça Europa, 9324",Barcelona,ES,41.366243,2.158111,3.6,339.0,5.0,7.5,"air_conditioning, spa, pet_friendly"
A00405,B00394,1,Inn Augusta II,"Avenue Paulista, 693",Barcelona,ES,41.342153,2.090158,4.9,650.0,3.0,8.0,"restaurant, pet_friendly, air_conditioning, gym"
A00406,B00395,1,Pousada Europa II,Avenue Central 7934,Barcelona,ES,41.417096,2.235556,4.9,393.0,3.0,8.6,"spa, gym, wifi, bar"
A00419,B00408,1,Palace Copacabana,"Avenida da República, 4531",Barcelona,ES,41.4057,2.242637,4.7,88.0,3.0,9.5,"pet_friendly, spa, bar, parking, pool, gym"
A00081,B00070,1,Palace Augusta II,"Avenue Augusta, 7575",Porto,PT,41.154743,-8.578967,4.7,625.0,5.0,9.3,"air_conditioning, pool, wifi, restaurant, spa"
A00091,B00080,1,Hotel Augusta,"Rua da Sé, 5700",Porto,PT,41.125864,-8.666586,4.5,829.0,5.0,7.3,"spa, parking, air_conditioning, bar"
A00099,B00088,1,Pousada Paulista,"Praça da Sé, 5053",Porto,PT,41.205343,-8.587115,3.3,709.0,5.0,8.5,"spa, pool, bar"
A00139,B00128,1,Pousada Liberdade II,"Street dos Andradas, 1991",Porto,PT,41.114342,-8.56412,3.6,272.0,4.0,9.4,"wifi, parking, pool"
A00145,B00134,1,Grand Hotel Liberdade Saint,"Street da Sé, 4492",Porto,PT,41.20871,-8.643915,4.7,400.0,3.0,8.1,"pool, air_conditioning, parking"
A00152,B00141,1,Pousada Copacabana,"Street Liberdade, 4204",Porto,PT,41.183973,-8.689497,3.9,368.0,4.0,7.3,"air_conditioning, gym, pool, wifi"
A00164,B00153,1,Palace Gaudí,"Avenue Copacabana, 4676",Porto,PT,41.040033,-8.653791,4.3,107.0,3.0,9.5,"spa, gym, restaurant, pool"
A00166,B00155,1,Pousada Seine Saint,"Avenida das Flores, 1592",Porto,PT,41.065299,-8.587932,4.0,676.0,3.0,9.6,"wifi, spa, restaurant"
A00167,B00156,1,Inn Paulista Saint,"Avenue Central, 1705",Porto,PT,41.102994,-8.578827,4.6,506.0,3.0,8.1,"gym, restaurant, parking, pool"
A00178,B00167,1,Suites Paulista & Spa,"Avenida dos Andradas, 7834",Porto,PT,41.239583,-8.577407,4.0,574.0,4.0,9.5,"wifi, bar, restaurant, pet_friendly, parking"
A00209,B00198,1,Grand Hotel Gaudí 2 Boutique,"Avenue dos Andradas, 8985",Porto,PT,41.194764,-8.691655,3.8,720.0,5.0,8.6,"wifi, pet_friendly, spa"
A00212,B00201,1,Residency Copacabana Saint,"Street Liberdade, 9701",Porto,PT,41.090871,-8.701788,4.4,765.0,5.0,8.8,"air_conditioning, spa, pet_friendly, bar, parking"
A00236,B00225,1,Pousada Cathedral II,"Street Europa, 8536",Porto,PT,41.042898,-8.61402,4.4,848.0,3.0,9.1,"air_conditioning, spa, pool, restaurant, bar"
A00240,B00229,1,Inn Europa,"Praça Central, 7134",Porto,PT,41.15048,-8.541543,4.2,670.0,4.0,7.8,"bar, spa, pet_friendly, gym"
A00241,B00230,1,Residency Europa,"Avenue Copacabana, 670",Porto,PT,41.092319,-8.619658,4.3,243.0,5.0,7.8,"pool, parking, spa, air_conditioning, restaurant"
A00245,B00234,1,Pousada Lumière,"Rua Augusta, 156",Porto,PT,41.182672,-8.631517,4.7,1.0,4.0,8.6,"restaurant, parking, gym, bar, wifi, pet_friendly"
A00253,B00242,1,Hotel Augusta Saint,"Avenida das Flores, 9169",Porto,PT,41.124936,-8.600013,3.9,740.0,3.0,8.9,"restaurant, pool, wifi, air_conditioning, spa"
A00264,B00253,1,Grand Hotel Lumière,"Street da Sé, 7",Porto,PT,41.136505,-8.572487,4.7,937.0,4.0,8.0,"pool, parking, bar"
A00266,B00255,1,Hotel Augusta,"Street da Sé, 3808",Porto,PT,41.159674,-8.668504,4.8,626.0,5.0,7.3,"spa, parking, air_conditioning, bar"
A00269,B00258,1,Suites Cathedral Boutique,"Rua das Flores, 7685",Porto,PT,41.182048,-8.63013,4.5,499.0,4.0,7.4,"gym, restaurant, spa, wifi"
A00303,B00292,1,Grand Hotel Copacabana Saint,Rua Europa 8713,Porto,PT,41.037138,-8.626336,4.5,740.0,3.0,8.9,"pool, parking, spa, wifi, air_conditioning, pet_friendly"
A00335,B00324,1,Suites Augusta,"Avenue Europa, 8491",Porto,PT,41.152072,-8.618529,3.0,646.0,3.0,7.3,"pet_friendly, air_conditioning, pool, restaurant"
A00351,B00340,1,Suites Central,"Rua dos Andradas, 2295",Porto,PT,41.21035,-8.636415,3.9,288.0,4.0,8.5,"wifi, bar, restaurant, gym, spa, pet_friendly"
A00360,B00349,1,Suites Gaudí Saint,"Street das Flores, 184",Porto,PT,41.118347,-8.711166,4.4,711.0,3.0,8.6,"wifi, parking, air_conditioning, pet_friendly"
A00365,B00354,1,Palace Central Saint,"Avenue dos Andradas, 6510",Porto,PT,41.18717,-8.574389,3.7,249.0,3.0,7.3,"pool, wifi, spa, restaurant, bar"
A00369,B00358,1,Residency Augusta,St Augusta 8379,Porto,PT,41.087934,-8.626954,4.2,770.0,4.0,8.3,"pet_friendly, parking, bar, gym, air_conditioning"
A00379,B00368,1,Grand Hotel Augusta,Avenida da República 9118,Porto,PT,41.146926,-8.640448,3.1,331.0,5.0,8.8,"pool, wifi, spa, pet_friendly, bar, restaurant"
A00385,B00374,1,Hotel Cathedral,"Praça das Flores, 927",Porto,PT,41.162118,-8.545354,3.6,283.0,5.0,9.1,"pet_friendly, wifi, gym, restaurant, spa, bar"
A00393,B00382,1,Residency Cathedral Saint,"Praça dos Andradas, 1368",Porto,PT,41.213104,-8.590528,3.2,164.0,4.0,8.7,"air_conditioning, restaurant, pool, wifi, gym"
A00396,B00385,1,Inn Augusta St.,"Praça das Flores, 5163",Porto,PT,41.146753,-8.658061,4.6,1254.0,3.0,9.5,"spa, bar, pet_friendly, restaurant, air_conditioning"
A00399,B00388,1,Hotel Cathedral 2,"Avenue da República, 7383",Porto,PT,41.188726,-8.69801,5.0,275.0,4.0,7.0,"parking, air_conditioning, pool, bar, spa"
A00403,B00392,1,Pousada Augusta 2 & Spa,Pça. Central 8948,Porto,PT,41.070452,-8.648935,4.1,604.0,4.0,8.6,"pool, pet_friendly, wifi, restaurant, parking, spa"
A00409,B00398,1,Grand Hotel Augusta,Avenida dos Andradas 6749,Porto,PT,41.028309,-8.685651,3.8,479.0,5.0,8.8,"pool, wifi, spa, pet_friendly, bar, restaurant"
A00415,B00404,1,Pousada Cathedral II,"Praça Copacabana, 7608",Porto,PT,41.122824,-8.569514,3.7,985.0,3.0,9.1,"air_conditioning, spa, pool, restaurant, bar"
A00417,B00406,1,Palace Cathedral,"Street Liberdade, 6454",Porto,PT,41.101539,-8.624834,5.0,131.0,4.0,7.7,"wifi, pool, pet_friendly"
A00422,B00411,1,Suites Copacabana,"Avenue Liberdade, 5623",Porto,PT,41.104626,-8.542738,3.6,316.0,4.0,7.6,"pool, bar, air_conditioning"
A00425,B00414,1,Residency Gaudí II,"Praça Liberdade, 1141",Porto,PT,41.129738,-8.679232,4.5,409.0,4.0,8.2,"pool, parking, air_conditioning"
A00430,B00419,1,Palace Cathedral Saint,"Rua dos Andradas, 6692",Porto,PT,41.169614,-8.599822,3.2,868.0,3.0,8.1,"gym, wifi, spa, air_conditioning"
A00076,B00065,1,Pousada Central Boutique,"Street dos Andradas, 770",São Paulo,BR,-23.479726,-46.553075,2.5,600.0,4.0,7.9,"wifi, pool, spa"
A00082,B00071,1,Grand Hotel Gaudí,"Street Augusta, 2694",São Paulo,BR,-23.544134,-46.581807,3.8,389.0,5.0,7.2,"air_conditioning, pet_friendly, pool, wifi, gym, spa"
A00083,B00072,1,Hotel Gaudí,"Praça da República, 5865",São Paulo,BR,-23.542395,-46.690904,4.9,446.0,5.0,7.7,"pool, parking, gym, pet_friendly, restaurant"
A00087,B00076,1,Inn Gaudí Boutique,"Avenida das Flores, 1960",São Paulo,BR,-23.568292,-46.672178,4.1,692.0,4.0,9.5,"bar, spa, pool, parking, air_conditioning"
A00104,B00093,1,Inn Liberdade II,"Avenue da Sé, 5487",São Paulo,BR,-23.598353,-46.691781,4.6,737.0,4.0,9.0,"spa, air_conditioning, wifi, bar"
A00116,B00105,1,Suites Europa II,"Pça. Central, 7902",São Paulo,BR,-23.578573,-46.501441,4.9,339.0,4.0,8.6,"gym, parking, pet_friendly, spa"
A00136,B00125,1,Inn Augusta,"Avenida Paulista, 3877",São Paulo,BR,-23.454674,-46.562748,4.8,335.0,5.0,9.3,"spa, gym, wifi, parking"
A00160,B00149,1,Suites Copacabana,"Avenue Central, 146",São Paulo,BR,-23.524398,-46.645663,3.6,484.0,4.0,7.8,"pool, restaurant, spa, bar, air_conditioning"
A00180,B00169,1,Grand Hotel Liberdade Saint,"Street Europa, 4905",São Paulo,BR,-23.469354,-46.653583,5.0,832.0,4.0,7.7,"pool, air_conditioning, parking, restaurant"
A00190,B00179,1,Hotel Lumière,"Street Paulista, 4910",São Paulo,BR,-23.521544,-46.623905,4.4,706.0,4.0,8.8,"wifi, air_conditioning, bar, parking"
A00194,B00183,1,Palace Liberdade,"Rua Paulista, 5593",São Paulo,BR,-23.65781,-46.541598,4.1,422.0,5.0,9.3,"bar, wifi, pet_friendly"
A00218,B00207,1,Suites Gaudí,"Avenida Europa, 8570",São Paulo,BR,-23.583432,-46.584392,3.9,518.0,5.0,8.2,"pet_friendly, gym, air_conditioning, parking"
A00223,B00212,1,Pousada Europa,"Praça dos Andradas, 1377",São Paulo,BR,-23.458306,-46.600098,4.4,749.0,5.0,7.1,"restaurant, pet_friendly, air_conditioning, gym"
A00226,B00215,1,Pousada Seine,"Avenue dos Andradas, 7910",São Paulo,BR,-23.625324,-46.565945,3.8,1213.0,4.0,8.3,"bar, air_conditioning, spa, wifi, pet_friendly, pool"
A00242,B00231,1,Pousada Gaudí Saint,Street Central 5570,São Paulo,BR,-23.555985,-46.742515,3.6,799.0,5.0,8.1,"wifi, restaurant, spa, gym, parking, pool"
A00244,B00233,1,Grand Hotel Gaudí Saint & Spa,"Rua da Sé, 9088",São Paulo,BR,-23.528493,-46.611278,3.8,610.0,3.0,8.3,"bar, wifi, gym, pet_friendly, pool, air_conditioning"
A00260,B00249,1,Palace Central Saint,Avenida Paulista 6032,São Paulo,BR,-23.534311,-46.536732,4.0,475.0,5.0,7.5,"pet_friendly, air_conditioning, wifi, pool"
A00268,B00257,1,Suites Liberdade Saint,"Praça da Sé, 6208",São Paulo,BR,-23.632542,-46.572283,3.8,441.0,5.0,9.5,"gym, restaurant, wifi, parking, spa"
A00277,B00266,1,Residency Cathedral,"Avenida Europa, 5566",São Paulo,BR,-23.536652,-46.566391,4.3,1167.0,3.0,8.2,"restaurant, spa, air_conditioning, wifi, pet_friendly, gym"
A00279,B00268,1,Grand Hotel Lumière,"Avenue Central, 2438",São Paulo,BR,-23.560143,-46.623466,4.6,529.0,4.0,9.0,"gym, pet_friendly, wifi, parking"
A00281,B00270,1,Hotel Gaudí,"Avenida da República, 7095",São Paulo,BR,-23.522608,-46.645514,3.6,298.0,5.0,7.7,"pool, parking, gym, pet_friendly, restaurant"
A00282,B00271,1,Pousada Paulista,"Rua da Sé, 4889",São Paulo,BR,-23.437699,-46.6521,2.6,469.0,4.0,7.4,"parking, pet_friendly, bar, gym"
A00287,B00276,1,Inn Lumière,"Avenida Europa, 8932",São Paulo,BR,-23.606631,-46.573581,4.3,726.0,5.0,9.1,"restaurant, pet_friendly, gym"
A00297,B00286,1,Inn Seine Saint,"Avenida das Flores, 8149",São Paulo,BR,-23.527174,-46.594844,4.1,280.0,4.0,9.0,"wifi, restaurant, bar, pet_friendly, air_conditioning, parking"
A00333,B00322,1,Suites Central,"Praça da Sé, 4501",São Paulo,BR,-23.501525,-46.612644,3.8,868.0,5.0,7.6,"restaurant, wifi, air_conditioning"
A00333,B00391,1,Suites Central,"Praça da Sé, 4501",São Paulo,BR,-23.501525,-46.612644,3.8,868.0,5.0,7.6,"restaurant, wifi, air_conditioning"
A00336,B00325,1,Suites Lumière 2,Street da República 3505,São Paulo,BR,-23.530228,-46.574708,4.9,794.0,5.0,8.9,"restaurant, pool, pet_friendly, air_conditioning, wifi"
A00337,B00326,1,Palace Seine Saint,"Avenue Liberdade, 68",São Paulo,BR,-23.462253,-46.653982,3.2,273.0,3.0,8.6,"pet_friendly, air_conditioning, gym, spa, pool, parking"
A00343,B00332,1,Hotel Lumière St.,"Street da República, 9077",São Paulo,BR,-23.651277,-46.692159,4.5,627.0,5.0,9.0,"pet_friendly, pool, air_conditioning, restaurant, wifi"
A00347,B00336,1,Inn Cathedral,"Avenida Central, 3137",São Paulo,BR,-23.599051,-46.578177,3.4,286.0,5.0,8.2,"air_conditioning, wifi, restaurant, gym, pool"
A00353,B00342,1,Inn Seine II,Street Augusta 8113,São Paulo,BR,-23.582536,-46.606103,2.9,324.0,3.0,9.0,"bar, restaurant, pool, wifi, pet_friendly"
A00363,B00352,1,Palace Central,"Rua da República, 3962",São Paulo,BR,-23.551895,-46.606302,3.8,412.0,5.0,9.1,"pool, wifi, air_conditioning"
A00370,B00359,1,Suites Lumière & Spa,"Praça Central, 3855",São Paulo,BR,-23.50408,-46.654338,4.5,257.0,5.0,7.9,"pet_friendly, spa, air_conditioning, wifi, bar"
A00377,B00366,1,Inn Augusta Saint,"Avenida Europa, 5878",São Paulo,BR,-23.504071,-46.680027,4.4,397.0,5.0,8.2,"parking, pool, wifi, spa"
A00387,B00376,1,Pousada Gaudí & Spa,"Rua Copacabana, 5594",São Paulo,BR,-23.601088,-46.642143,4.1,368.0,3.0,7.3,"parking, gym, wifi, spa, restaurant"
A00402,B00322,1,Pousada Central II,"Rua da República, 1284",São Paulo,BR,-23.499592,-46.617889,3.0,817.0,3.0,7.2,"parking, air_conditioning, pool, bar, pet_friendly, wifi"
A00402,B00391,1,Pousada Central II,"Rua da República, 1284",São Paulo,BR,-23.499592,-46.617889,3.0,817.0,3.0,7.2,"parking, air_conditioning, pool, bar, pet_friendly, wifi"
A00404,B00393,1,Pousada Augusta,"Avenida da República, 3623",São Paulo,BR,-23.620586,-46.628239,4.9,371.0,3.0,8.4,"air_conditioning, parking, restaurant, bar, wifi, spa"
A00426,B00415,1,Grand Hotel Liberdade,"Rua Copacabana, 4087",São Paulo,BR,-23.566319,-46.635117,4.7,163.0,4.0,8.2,"parking, spa, pool"
A00093,B00082,1,Palace Liberdade,"Street da Sé, 5089",Paris,FR,48.830264,2.307425,2.7,345.0,5.0,8.2,"pet_friendly, parking, pool, wifi"
A00102,B00091,1,Suites Europa,"Avenue da República, 3441",Paris,FR,48.840316,2.359116,4.2,792.0,3.0,9.1,"spa, air_conditioning, pool, wifi, restaurant, gym"
A00111,B00100,1,Grand Hotel Copacabana,"Rua Augusta, 4965",Paris,FR,48.764916,2.367924,4.7,818.0,5.0,8.4,"bar, pool, air_conditioning"
A00113,B00102,1,Residency Paulista Saint,Rua dos Andradas 7450,Paris,FR,48.874926,2.409479,4.1,438.0,4.0,8.8,"bar, restaurant, pet_friendly"
A00126,B00115,1,Central II,"Ave da República, 10",Paris,FR,48.785076,2.360256,4.0,577.0,3.0,9.5,"air_conditioning, pet_friendly, pool, parking, gym, wifi"
A00141,B00130,1,Palace Cathedral Saint Boutique,"Avenida Liberdade, 4874",Paris,FR,48.803823,2.438181,4.5,809.0,3.0,8.5,"gym, air_conditioning, pool, restaurant, parking"
A00151,B00140,1,Palace Gaudí,"Rua Paulista, 2344",Paris,FR,48.959181,2.347416,3.3,460.0,4.0,9.4,"parking, pet_friendly, gym"
A00153,B00142,1,Pousada Paulista,"Avenida Central, 5137",Paris,FR,48.791847,2.337621,4.6,527.0,3.0,8.3,"spa, air_conditioning, gym, restaurant, wifi, pet_friendly"
A00168,B00157,1,Grand Hotel Seine,"Avenue da República, 6507",Paris,FR,48.879419,2.332382,4.3,896.0,3.0,9.2,"air_conditioning, bar, parking, pet_friendly, spa, wifi"
A00191,B00180,1,Hotel Seine II,Avenida Copacabana 3292,Paris,FR,48.777083,2.395173,4.1,553.0,4.0,7.2,"pet_friendly, bar, restaurant, pool"
A00208,B00197,1,Residency Augusta II,"Avenue Liberdade, 8265",Paris,FR,48.884951,2.303287,4.1,406.0,4.0,8.4,"gym, restaurant, bar"
A00219,B00208,1,Palace Copacabana Saint,"Rua das Flores, 522",Paris,FR,48.816519,2.35837,4.8,2.0,3.0,8.8,"spa, parking, bar"
A00221,B00210,1,Residency Cathedral,Praça dos Andradas 9952,Paris,FR,48.817947,2.395633,5.0,570.0,3.0,7.1,"bar, spa, gym, wifi"
A00278,B00267,1,Grand Hotel Augusta,"Street da República, 6847",Paris,FR,48.82373,2.428633,4.5,751.0,3.0,7.7,"parking, gym, spa, pool, air_conditioning"
A00283,B00272,1,Hotel Liberdade Saint,"Avenida Liberdade, 1520",Paris,FR,48.836174,2.343662,4.0,949.0,5.0,9.5,"air_conditioning, pet_friendly, wifi, parking, gym, bar"
A00291,B00280,1,Inn Seine,"Avenue das Flores, 8585",Paris,FR,48.858691,2.35983,3.3,366.0,3.0,7.3,"wifi, gym, air_conditioning, pet_friendly"
A00294,B00283,1,Suites Gaudí,"Pça. Europa, 9468",Paris,FR,48.784968,2.355236,4.9,476.0,5.0,9.2,"bar, restaurant, gym, pool, spa"
A00296,B00285,1,Grand Hotel Copacabana Saint,"Avenue Europa, 8712",Paris,FR,48.950218,2.342229,4.4,191.0,5.0,9.7,"restaurant, air_conditioning, gym, parking, spa, bar"
A00298,B00287,1,Hotel Liberdade,"Avenue Europa, 1677",Paris,FR,49.033294,2.274536,5.0,408.0,4.0,7.6,"restaurant, wifi, bar, gym, air_conditioning"
A00327,B00316,1,Grand Hotel Paulista,"Street Copacabana, 671",Paris,FR,48.872073,2.426864,4.9,560.0,5.0,8.3,"bar, gym, parking, pool, restaurant"
A00349,B00338,1,Pousada Europa II,"Rua dos Andradas, 845",Paris,FR,48.839871,2.40268,3.9,791.0,3.0,9.2,"spa, parking, wifi, bar"
A00391,B00380,1,Suites Augusta,Rua Augusta 2777,Paris,FR,48.926304,2.440852,4.5,237.0,3.0,8.3,"gym, pool, air_conditioning, parking, pet_friendly"
A00397,B00386,1,Inn Lumière Saint,"Praça da República, 2800",Paris,FR,48.892874,2.285593,5.0,501.0,4.0,8.6,"pet_friendly, air_conditioning, gym"
A00400,B00389,1,Palace Liberdade,"Praça Paulista, 2382",Paris,FR,48.876274,2.349243,3.7,1191.0,5.0,8.2,"pet_friendly, parking, pool, wifi"
A00411,B00400,1,Residency Central,"Avenida Augusta, 3139",Paris,FR,48.847359,2.349575,4.1,325.0,3.0,8.1,"wifi, gym, pet_friendly"
A00423,B00412,1,Hotel Central,"Rua da República, 5754",Paris,FR,48.906621,2.385459,4.4,992.0,3.0,9.3,"pet_friendly, restaurant, wifi, gym, bar"
A00424,B00413,1,Inn Gaudí Saint,"Rua Central, 516",Paris,FR,48.807792,2.304205,4.5,35.0,4.0,8.6,"pool, pet_friendly, parking"
A00077,B00066,1,Palace Copacabana,"Street da República, 6236",Curitiba,BR,-25.373371,-49.249763,3.8,148.0,5.0,7.3,"parking, wifi, bar, spa"
A00085,B00074,1,Pousada Copacabana,"Avenida dos Andradas, 1708",Curitiba,BR,-25.390555,-49.329515,4.0,747.0,5.0,8.0,"gym, wifi, pet_friendly, restaurant, parking"
A00089,B00078,1,Pousada Liberdade,"Praça Augusta, 2256",Curitiba,BR,-25.418167,-49.251543,3.5,621.0,3.0,8.5,"spa, pool, wifi"
A00114,B00103,1,Palace Europa II,"Avenue da Sé, 1461",Curitiba,BR,-25.445919,-49.352725,3.2,651.0,3.0,9.5,"spa, gym, restaurant, parking"
A00117,B00106,1,Suites Copacabana Saint,"Street Copacabana, 4531",Curitiba,BR,-25.377195,-49.357826,3.3,6.0,3.0,8.0,"wifi, pet_friendly, bar, spa, parking"
A00123,B00112,1,Inn Lumière Saint,"Praça Liberdade, 9353",Curitiba,BR,-25.391004,-49.261584,5.0,481.0,5.0,9.1,"parking, pet_friendly, gym, spa, pool, wifi"
A00129,B00118,1,Pousada Gaudí & Spa,"Street Liberdade, 6414",Curitiba,BR,-25.410375,-49.293454,4.5,1074.0,4.0,8.9,"spa, parking, air_conditioning, gym, restaurant"
A00134,B00123,1,Inn Copacabana Saint & Spa & Spa,"Praça Liberdade, 95",Curitiba,BR,-25.342942,-49.243353,4.5,581.0,5.0,9.5,"gym, pool, bar"
A00137,B00126,1,Hotel Central Saint,"Avenue da Sé, 1793",Curitiba,BR,-25.450056,-49.289571,4.2,841.0,4.0,8.9,"pool, air_conditioning, restaurant, parking, spa"
A00143,B00132,1,Residency Lumière II & Spa,"Praça Augusta, 7971",Curitiba,BR,-25.512167,-49.314569,4.3,355.0,3.0,9.0,"spa, bar, parking"
A00149,B00138,1,Palace Cathedral II,"Rua Europa, 9901",Curitiba,BR,-25.360295,-49.293528,3.0,183.0,5.0,7.8,"gym, pool, pet_friendly, wifi"
A00155,B00144,1,Residency Gaudí Saint,"Avenida da República, 8008",Curitiba,BR,-25.396533,-49.231211,3.8,202.0,3.0,8.9,"gym, wifi, bar, parking, air_conditioning, pool"
A00198,B00187,1,Palace Liberdade,"Avenida Augusta, 7312",Curitiba,BR,-25.466364,-49.19091,3.3,539.0,5.0,8.8,"bar, spa, restaurant, parking, wifi, pool"
A00211,B00200,1,Grand Hotel Seine,"Praça Copacabana, 4738",Curitiba,BR,-25.421939,-49.286315,3.3,383.0,4.0,7.3,"bar, parking, pool, restaurant"
A00215,B00204,1,Cathedral Saint,"Avenue Liberdade, 3457",Curitiba,BR,-25.498154,-49.318003,4.9,288.0,5.0,9.0,"pet_friendly, parking, restaurant, spa, air_conditioning, bar"
A00222,B00211,1,Grand Hotel Europa Saint,"Praça Copacabana, 6580",Curitiba,BR,-25.428027,-49.345615,4.5,661.0,4.0,7.1,"air_conditioning, wifi, pool, spa, restaurant"
A00230,B00219,1,Hotel Central,"Street dos Andradas, 1284",Curitiba,BR,-25.415942,-49.338261,4.7,915.0,3.0,9.0,"pet_friendly, wifi, gym, pool, air_conditioning, parking"
A00233,B00222,1,Suites Gaudí II,"Street Central, 686",Curitiba,BR,-25.391554,-49.210225,4.0,486.0,4.0,7.8,"pet_friendly, parking, wifi"
A00237,B00226,1,Inn Augusta II,"Avenue dos Andradas, 5775",Curitiba,BR,-25.453695,-49.305264,3.8,758.0,5.0,9.0,"parking, wifi, spa"
A00247,B00236,1,Suites Augusta,"Pça. Liberdade, 9032",Curitiba,BR,-25.452622,-49.276857,4.2,510.0,3.0,7.3,"air_conditioning, wifi, pet_friendly, spa"
A00248,B00237,1,Residency Central,"Praça Liberdade, 4089",Curitiba,BR,-25.404952,-49.223323,4.6,1171.0,3.0,8.5,"parking, air_conditioning, wifi, gym, bar"
A00249,B00238,1,Inn Cathedral,Praça Augusta 1532,Curitiba,BR,-25.414237,-49.299455,3.5,534.0,4.0,7.8,"bar, parking, spa, pool, restaurant"
A00257,B00246,1,Pousada Lumière II,"Avenue Augusta, 5411",Curitiba,BR,-25.424112,-49.342673,3.6,256.0,4.0,8.0,"restaurant, air_conditioning, pet_friendly, gym, spa, pool"
A00262,B00251,1,Grand Hotel Augusta Saint,"Rua da Sé, 3501",Curitiba,BR,-25.420217,-49.218217,3.8,70.0,5.0,9.5,"air_conditioning, pet_friendly, gym"
A00265,B00254,1,Suites Europa II,"Avenue Europa, 4010",Curitiba,BR,-25.395565,-49.287493,4.9,663.0,4.0,7.8,"restaurant, pool, spa"
A00274,B00263,1,Inn Central Saint,"Praça Copacabana, 3427",Curitiba,BR,-25.410319,-49.228618,4.1,1.0,4.0,9.6,"restaurant, parking, air_conditioning"
A00276,B00265,1,Suites Cathedral,"R. Central, 2369",Curitiba,BR,-25.451407,-49.341634,4.0,665.0,5.0,9.2,"pool, parking, gym, restaurant"
A00292,B00281,1,Inn Paulista,"Street Central, 6708",Curitiba,BR,-25.414909,-49.242138,3.6,442.0,4.0,8.8,"bar, wifi, air_conditioning, restaurant, pool, spa"
A00295,B00284,1,Residency Cathedral II,"Avenida Europa, 9078",Curitiba,BR,-25.471717,-49.201781,3.6,1004.0,4.0,9.3,"gym, air_conditioning, pool, wifi, pet_friendly"
A00310,B00299,1,Inn Liberdade Saint,"Praça dos Andradas, 2850",Curitiba,BR,-25.389304,-49.328314,4.4,990.0,4.0,8.9,"restaurant, parking, pet_friendly, bar"
A00313,B00302,1,Grand Hotel Liberdade II,"Rua Copacabana, 1338",Curitiba,BR,-25.505721,-49.326486,3.9,776.0,5.0,7.2,"air_conditioning, gym, parking, pet_friendly, spa"
A00329,B00318,1,Grand Hotel Seine,"Praça dos Andradas, 3341",Curitiba,BR,-25.361759,-49.35899,4.3,157.0,4.0,7.3,"bar, parking, pool, restaurant"
A00356,B00345,1,Residency Paulista,"Rua Central, 7118",Curitiba,BR,-25.384845,-49.191052,4.9,734.0,5.0,7.7,"restaurant, spa, parking, air_conditioning, gym"
A00357,B00346,1,Hotel Seine,"Avenue das Flores, 9941",Curitiba,BR,-25.439192,-49.237076,4.1,894.0,4.0,8.8,"restaurant, pool, pet_friendly, parking, bar, air_conditioning"
A00372,B00361,1,Grand  Gaudí,"Street dos Andradas, 9418",Curitiba,BR,-25.442014,-49.275818,5.0,284.0,4.0,9.1,"bar, pool, gym"
A00375,B00364,1,Hotel Gaudí II,"Avenida Europa, 8308",Curitiba,BR,-25.448718,-49.296611,3.6,417.0,5.0,8.0,"restaurant, wifi, parking, spa, gym, air_conditioning"
A00376,B00365,1,Pousada Paulista Saint,"Praça da Sé, 1554",Curitiba,BR,-25.462766,-49.21773,4.6,172.0,5.0,8.3,"spa, wifi, pet_friendly, pool"
A00378,B00367,1,Residency Cathedral II,"Street Paulista, 4671",Curitiba,BR,-25.461626,-49.324733,4.1,453.0,4.0,9.3,"gym, air_conditioning, pool, wifi, pet_friendly"
A00401,B00390,1,Grand Hotel Central,"Avenida da República, 6361",Curitiba,BR,-25.410375,-49.263721,4.1,182.0,4.0,7.3,"wifi, pet_friendly, parking"
A00407,B00396,1,Inn Cathedral,"Praça da Sé, 1185",Curitiba,BR,-25.331232,-49.311135,3.7,437.0,4.0,7.8,"bar, parking, spa, pool, restaurant"
A00421,B00410,1,Palace Paulista,"Avenida Central, 7081",Curitiba,BR,-25.471232,-49.354508,3.7,610.0,4.0,8.5,"pet_friendly, pool, restaurant"
A00429,B00418,1,Suites Liberdade,"Praça das Flores, 1168",Curitiba,BR,-25.420097,-49.308206,5.0,268.0,4.0,9.5,"parking, air_conditioning, pet_friendly, bar"
A00094,B00083,1,Grand Central II,"Avenida dos Andradas, 5443",Porto Alegre,BR,-30.093247,-51.268069,3.3,172.0,4.0,7.4,"pet_friendly, spa, restaurant, wifi"
A00103,B00092,1,Hotel Central,"Praça Paulista, 699",Porto Alegre,BR,-30.051591,-51.179653,4.2,484.0,3.0,9.6,"air_conditioning, pool, bar, parking, spa, gym"
A00110,B00099,1,Pousada Seine,"Street das Flores, 5064",Porto Alegre,BR,-30.100019,-51.191386,4.0,224.0,3.0,7.2,"bar, pool, restaurant"
A00118,B00107,1,Residency Copacabana,"Rua das Flores, 4262",Porto Alegre,BR,-30.043987,-51.202345,5.0,570.0,3.0,7.9,"pool, parking, air_conditioning, bar, wifi, pet_friendly"
A00124,B00113,1,Suites Gaudí II,Praça das Flores 847,Porto Alegre,BR,-29.968311,-51.235021,3.8,654.0,4.0,8.0,"air_conditioning, pool, wifi, pet_friendly"
A00132,B00121,1,Pousada Augusta,"Ave da Sé, 1121",Porto Alegre,BR,-30.053333,-51.208685,4.4,234.0,5.0,7.2,"pet_friendly, gym, spa"
A00132,B00417,1,Pousada Augusta,"Ave da Sé, 1121",Porto Alegre,BR,-30.053333,-51.208685,4.4,234.0,5.0,7.2,"pet_friendly, gym, spa"
A00140,B00129,1,Hotel Cathedral,"Rua Augusta, 3433",Porto Alegre,BR,-30.070996,-51.237845,3.9,463.0,5.0,7.9,"pool, bar, gym, pet_friendly"
A00147,B00136,1,Suites Augusta II,"Avenue Copacabana, 8634",Porto Alegre,BR,-30.109382,-51.200012,5.0,773.0,4.0,9.4,"air_conditioning, pool, bar, gym"
A00171,B00160,1,Suites Paulista II,"Rua dos Andradas, 9078",Porto Alegre,BR,-30.055922,-51.222187,4.0,365.0,5.0,8.6,"parking, pet_friendly, air_conditioning, spa, gym"
A00177,B00166,1,Hotel Paulista,"Street Augusta, 3118",Porto Alegre,BR,-29.970337,-51.264243,4.9,488.0,4.0,8.6,"pet_friendly, parking, bar, wifi"
A00181,B00170,1,Hotel Liberdade II & Spa,"Street das Flores, 3639",Porto Alegre,BR,-30.039142,-51.17948,4.4,24.0,5.0,9.7,"gym, wifi, pet_friendly, parking, bar, restaurant"
A00185,B00174,1,Suites Gaudí II,"Street das Flores, 1526",Porto Alegre,BR,-29.940249,-51.185362,4.0,285.0,4.0,8.0,"air_conditioning, pool, wifi, pet_friendly"
A00197,B00186,1,Residency Augusta,"Praça Copacabana, 141",Porto Alegre,BR,-30.011566,-51.285589,5.0,660.0,3.0,8.9,"restaurant, wifi, parking"
A00206,B00195,1,Pousada Augusta II,"Avenida Augusta, 7575",Porto Alegre,BR,-30.010097,-51.162111,3.0,853.0,4.0,9.4,"pool, restaurant, pet_friendly, bar, wifi"
A00231,B00220,1,Suites Central,"Avenue Liberdade, 8187",Porto Alegre,BR,-29.978573,-51.242708,4.0,723.0,3.0,9.6,"air_conditioning, pool, bar, parking, wifi"
A00255,B00244,1,Inn Augusta II & Spa,"Street Copacabana, 8771",Porto Alegre,BR,-30.039364,-51.317422,4.8,393.0,4.0,9.0,"pet_friendly, air_conditioning, gym, restaurant, wifi"
A00270,B00259,1,Inn Augusta,"Av. Augusta, 7167",Porto Alegre,BR,-30.074906,-51.264034,3.6,954.0,4.0,8.7,"air_conditioning, restaurant, parking, wifi, pet_friendly"
A00275,B00264,1,Grand Hotel Copacabana II,"Avenida da República, 2556",Porto Alegre,BR,-30.111616,-51.269318,3.6,235.0,5.0,8.0,"wifi, pool, parking, restaurant, spa, air_conditioning"
A00301,B00290,1,Residency Lumière Saint,"Avenida Augusta, 3608",Porto Alegre,BR,-30.119088,-51.212159,3.6,451.0,4.0,9.3,"pet_friendly, pool, wifi, bar"
A00302,B00291,1,Residency Central,"Avenue dos Andradas, 5142",Porto Alegre,BR,-29.944972,-51.179939,4.2,319.0,5.0,7.6,"pool, gym, wifi, air_conditioning, spa, parking"
A00304,B00293,1,Grand Hotel Cathedral & Spa,"Rua Paulista, 1662",Porto Alegre,BR,-30.048369,-51.254352,3.5,778.0,3.0,8.5,"pool, bar, gym"
A00314,B00303,1,Hotel Central Saint,"Rua Paulista, 8025",Porto Alegre,BR,-30.015287,-51.196106,4.1,968.0,5.0,7.2,"bar, spa, pool, wifi, parking"
A00320,B00309,1,Suites Paulista II,"Praça Europa, 7082",Porto Alegre,BR,-30.070372,-51.244566,4.2,33.0,5.0,8.6,"parking, pet_friendly, air_conditioning, spa, gym"
A00325,B00314,1,Grand Hotel Central Saint,"Avenue Europa, 532",Porto Alegre,BR,-30.083358,-51.264339,3.4,61.0,5.0,9.4,"gym, wifi, bar, pool, air_conditioning"
A00326,B00315,1,Pousada Cathedral II & Spa,"Street Augusta, 5627",Porto Alegre,BR,-30.038423,-51.249107,4.3,694.0,3.0,9.1,"restaurant, wifi, bar, pet_friendly, parking, spa"
A00330,B00319,1,Grand Hotel Seine,"Rua Europa, 3279",Porto Alegre,BR,-30.075738,-51.153214,4.4,727.0,4.0,7.1,"bar, wifi, air_conditioning"
A00366,B00355,1,Grand Hotel Copacabana,"Rua da República, 6929",Porto Alegre,BR,-30.078258,-51.239132,4.5,606.0,5.0,7.6,"restaurant, gym, parking, pet_friendly, spa"
A00374,B00363,1,Residency Gaudí Boutique,"Avenue das Flores, 2018",Porto Alegre,BR,-29.955196,-51.253955,3.7,459.0,3.0,8.3,"spa, pool, bar"
A00381,B00370,1,Inn Copacabana II,"Avenida da Sé, 4320",Porto Alegre,BR,-30.014451,-51.16942,5.0,366.0,3.0,9.2,"restaurant, parking, spa"
A00383,B00372,1,Inn Gaudí,"St Copacabana, 1033",Porto Alegre,BR,-30.086865,-51.25004,3.8,826.0,5.0,8.9,"pool, air_conditioning, bar, pet_friendly, spa, parking"
A00389,B00378,1,Residency Gaudí II,"Street da Sé, 7453",Porto Alegre,BR,-29.94997,-51.134131,3.6,427.0,4.0,7.5,"pet_friendly, parking, wifi, air_conditioning, spa"
A00392,B00381,1,Pousada Europa,"Street Paulista, 5875",Porto Alegre,BR,-29.998362,-51.129098,3.9,385.0,3.0,7.5,"spa, pool, parking, pet_friendly, bar"
A00413,B00402,1,Pousada Gaudí,"Praça Central, 2227",Porto Alegre,BR,-30.047552,-51.231344,3.4,313.0,5.0,8.5,"pet_friendly, gym, restaurant, wifi, bar, parking"
A00414,B00403,1,Residency Copacabana Saint Boutique Boutique,"Praça Liberdade, 1785",Porto Alegre,BR,-30.026491,-51.226768,4.0,212.0,3.0,9.2,"gym, spa, wifi, parking"
A00418,B00407,1,Pousada Cathedral,"Ave Copacabana, 1182",Porto Alegre,BR,-30.089731,-51.21689,5.0,1.0,4.0,7.6,"restaurant, spa, pool, air_conditioning"
A00427,B00416,1,Residency Central Saint,"Street da Sé, 2934",Porto Alegre,BR,-30.055191,-51.299416,3.7,322.0,3.0,7.8,"pool, bar, gym"
A00428,B00121,1,Hotel Augusta Saint,"Street da República, 4313",Porto Alegre,BR,-30.057298,-51.20946,4.9,871.0,4.0,7.8,"parking, gym, pet_friendly, spa"
A00428,B00417,1,Hotel Augusta Saint,"Street da República, 4313",Porto Alegre,BR,-30.057298,-51.20946,4.9,871.0,4.0,7.8,"parking, gym, pet_friendly, spa"
A00095,B00084,1,Hotel Lumière & Spa Boutique,"Street da Sé, 5692",Lisboa,PT,38.78229,-9.145846,3.7,150.0,3.0,7.2,"bar, air_conditioning, restaurant, gym"
A00100,B00089,1,Inn Seine,"Avenue das Flores, 5746",Lisboa,PT,38.761831,-9.109375,3.7,270.0,3.0,9.4,"spa, restaurant, pool, parking"
A00101,B00090,1,Hotel Lumière,"Rua Liberdade, 2787",Lisboa,PT,38.632794,-9.201008,3.6,834.0,5.0,7.5,"bar, pool, wifi, gym, spa"
A00112,B00101,1,Palace Liberdade,"Praça da Sé, 5714",Lisboa,PT,38.656211,-9.048852,4.7,336.0,3.0,8.1,"gym, wifi, restaurant, spa"
A00122,B00111,1,Inn Seine,"Praça das Flores, 1762",Lisboa,PT,38.616968,-9.140814,3.8,81.0,3.0,9.4,"spa, restaurant, pool, parking"
A00135,B00124,1,Suites Seine,"Avenida Europa, 6167",Lisboa,PT,38.729806,-9.009287,4.1,475.0,4.0,7.2,"wifi, bar, restaurant, pet_friendly, air_conditioning"
A00138,B00127,1,Pousada Augusta,"Praça dos Andradas, 1626",Lisboa,PT,38.656378,-9.203833,3.8,980.0,5.0,8.1,"wifi, pet_friendly, pool, restaurant"
A00142,B00131,1,Hotel Gaudí Saint,Praça das Flores 5955,Lisboa,PT,38.72501,-9.149853,4.4,184.0,3.0,9.0,"air_conditioning, spa, pet_friendly"
A00154,B00143,1,Pousada Seine & Spa,"Avenida Europa, 8045",Lisboa,PT,38.65919,-9.00893,3.7,399.0,5.0,7.2,"gym, pool, spa, restaurant"
A00175,B00164,1,Hotel Central II,"Avenue Copacabana, 6645",Lisboa,PT,38.688211,-9.092844,3.9,451.0,3.0,8.3,"spa, pet_friendly, gym"
A00192,B00181,1,Residency Gaudí Saint,"Avenida dos Andradas, 9540",Lisboa,PT,38.780621,-9.202851,4.5,722.0,4.0,9.4,"restaurant, spa, pool, gym, wifi, air_conditioning"
A00196,B00185,1,Residency Augusta Saint,"Avenida da Sé, 8235",Lisboa,PT,38.760316,-9.126573,4.2,431.0,5.0,8.3,"wifi, gym, air_conditioning, pet_friendly, parking, restaurant"
A00217,B00206,1,Suites Paulista Saint,"Rua Central, 3840",Lisboa,PT,38.65531,-9.163672,4.5,162.0,3.0,8.0,"pool, gym, air_conditioning"
A00227,B00216,1,Suites Liberdade,"Av. da República, 4432",Lisboa,PT,38.708387,-9.134837,5.0,409.0,3.0,9.2,"parking, spa, pet_friendly, pool, wifi"
A00239,B00228,1,Grand Hotel Augusta II,"Praça Liberdade, 2823",Lisboa,PT,38.846413,-9.129267,3.9,459.0,5.0,9.4,"air_conditioning, spa, gym, pet_friendly"
A00246,B00235,1,Inn Seine,"Avenue Liberdade, 5926",Lisboa,PT,38.693375,-9.068343,4.2,591.0,3.0,9.4,"spa, restaurant, pool, parking"
A00280,B00269,1,Inn Augusta II,"Ave Liberdade, 9011",Lisboa,PT,38.710336,-9.10248,3.9,1105.0,3.0,8.6,"pet_friendly, air_conditioning, gym, bar"
A00300,B00289,1,Hotel Liberdade,"Street Central, 615",Lisboa,PT,38.649469,-9.185905,3.9,816.0,4.0,7.7,"parking, gym, pool"
A00306,B00295,1,Inn Copacabana,"Praça Augusta, 4947",Lisboa,PT,38.732604,-9.153743,4.7,598.0,3.0,8.2,"spa, parking, bar"
A00328,B00317,1,Residency Central,"Praça da Sé, 991",Lisboa,PT,38.758657,-9.123714,5.0,898.0,5.0,7.2,"pool, gym, wifi"
A00338,B00327,1,Pousada Cathedral,Avenida da República 651,Lisboa,PT,38.79645,-9.070462,2.6,47.0,3.0,9.5,"restaurant, bar, parking, air_conditioning"
A00348,B00337,1,Hotel Copacabana Saint & Spa,"Rua Europa, 5068",Lisboa,PT,38.735206,-9.238019,4.0,778.0,4.0,9.1,"gym, pool, wifi, pet_friendly"
A00354,B00343,1,Residency Europa,"Rua da República, 8348",Lisboa,PT,38.581543,-9.164166,3.8,882.0,3.0,9.1,"gym, spa, pool, bar, parking"
A00355,B00344,1,Palace Cathedral Boutique Boutique,"Rua Central, 7070",Lisboa,PT,38.779365,-9.149446,3.2,421.0,4.0,7.7,"spa, air_conditioning, bar, pool"
A00359,B00348,1,Hotel Central Saint,"Avenida dos Andradas, 1052",Lisboa,PT,38.677197,-9.091934,4.6,924.0,5.0,7.9,"pet_friendly, air_conditioning, wifi, gym, spa, restaurant"
A00364,B00353,1,Central II,"Rua Paulista, 2029",Lisboa,PT,38.660809,-9.129919,3.7,766.0,3.0,8.7,"air_conditioning, gym, spa, pool, parking, pet_friendly"
A00380,B00369,1,Inn Augusta Saint,"Ave da Sé, 4714",Lisboa,PT,38.69111,-9.117281,3.9,285.0,3.0,7.3,"pool, gym, bar"
A00394,B00383,1,Hotel Copacabana,"Avenue Liberdade, 9044",Lisboa,PT,38.789796,-9.177754,3.5,568.0,3.0,9.4,"spa, pet_friendly, pool, bar, parking, wifi"
A00395,B00384,1,Inn Augusta,"Praça dos Andradas, 243",Lisboa,PT,38.727832,-9.150495,4.9,801.0,4.0,9.4,"bar, parking, wifi, air_conditioning, pool, spa"
A00408,B00397,1,Pousada Cathedral Saint,"Avenue Europa, 9964",Lisboa,PT,38.691098,-9.144739,4.3,590.0,4.0,9.6,"restaurant, pet_friendly, wifi, pool"
A00410,B00399,1,Grand Hotel Cathedral II,"Avenue Liberdade, 3855",Lisboa,PT,38.694355,-9.169997,3.8,458.0,5.0,8.6,"air_conditioning, restaurant, bar"
A00412,B00401,1,Palace Liberdade,"Avenue da Sé, 3900",Lisboa,PT,38.823683,-9.107974,3.9,707.0,3.0,8.1,"gym, wifi, restaurant, spa"
A00416,B00405,1,Inn Augusta,"Rua da Sé, 3198",Lisboa,PT,38.67732,-9.119004,4.5,22.0,4.0,9.4,"bar, parking, wifi, air_conditioning, pool, spa"
A00431,B00420,1,Inn Liberdade Saint,"Ave das Flores, 3830",Lisboa,PT,38.71729,-9.141019,4.3,419.0,4.0,7.6,"gym, wifi, parking, bar, pet_friendly"
A00033,B00114,1,Suites Paulista,"Praça Paulista, 7455",Rio de Janeiro,BR,-22.967976,-43.159806,4.4,730.0,4.0,9.5,"air_conditioning, pool, spa, pet_friendly"
A00075,B00064,1,Residency Augusta,"Praça das Flores, 5391",Rio de Janeiro,BR,-22.967044,-43.151021,4.3,775.0,3.0,9.3,"bar, gym, parking, restaurant, pet_friendly, air_conditioning"
A00078,B00067,1,Hotel Lumière,"Praça Paulista, 5259",Rio de Janeiro,BR,-22.864471,-43.135815,4.4,532.0,3.0,7.2,"air_conditioning, gym, pet_friendly, pool"
A00080,B00069,1,Palace Liberdade,"Pça. Paulista, 8155",Rio de Janeiro,BR,-22.892038,-43.172642,4.5,773.0,4.0,9.7,"restaurant, pool, parking, spa"
A00084,B00073,1,Grand Hotel Lumière Saint,"Rua Augusta, 7995",Rio de Janeiro,BR,-22.897129,-43.173166,3.0,522.0,4.0,9.6,"pool, pet_friendly, spa, air_conditioning, bar"
A00097,B00086,1,Residency Augusta,"Ave da República, 7422",Rio de Janeiro,BR,-22.926541,-43.141801,4.8,523.0,3.0,9.3,"bar, gym, parking, restaurant, pet_friendly, air_conditioning"
A00098,B00087,1,Palace Augusta,"Avenida Paulista, 2840",Rio de Janeiro,BR,-22.893515,-43.120248,4.4,839.0,3.0,8.9,"bar, restaurant, parking, spa, air_conditioning"
A00107,B00096,1,Residency Cathedral,"Street Augusta, 1325",Rio de Janeiro,BR,-22.943759,-43.181441,4.3,927.0,5.0,7.8,"air_conditioning, gym, pool, wifi, restaurant"
A00108,B00097,1,Palace Gaudí St.,"Rua Central, 1532",Rio de Janeiro,BR,-22.928893,-43.147746,4.0,696.0,3.0,9.6,"air_conditioning, pet_friendly, restaurant, spa, gym, pool"
A00115,B00104,1,Hotel Lumière,"Avenida Europa, 3420",Rio de Janeiro,BR,-22.831772,-43.163633,4.7,526.0,3.0,7.2,"air_conditioning, gym, pet_friendly, pool"
A00119,B00108,1,Palace Augusta II,R. Europa 6328,Rio de Janeiro,BR,-22.904617,-43.196366,3.4,336.0,4.0,8.3,"restaurant, parking, pool, pet_friendly, gym"
A00120,B00109,1,Pousada Copacabana,"Praça Liberdade, 6778",Rio de Janeiro,BR,-22.938212,-43.114565,3.9,476.0,3.0,7.9,"pet_friendly, wifi, bar"
A00125,B00114,1,Inn Paulista Boutique,"Av. dos Andradas, 2049",Rio de Janeiro,BR,-22.965225,-43.156842,4.9,23.0,5.0,9.7,"wifi, restaurant, bar, pet_friendly, gym, parking"
A00159,B00148,1,Inn Gaudí II Boutique,"Rua da República, 7070",Rio de Janeiro,BR,-22.820286,-43.162968,4.2,527.0,4.0,9.4,"restaurant, pool, air_conditioning, gym, wifi, pet_friendly"
A00161,B00150,1,Pousada Seine,"Street dos Andradas, 9131",Rio de Janeiro,BR,-22.867359,-43.15959,4.0,281.0,5.0,7.4,"air_conditioning, gym, spa, restaurant, parking"
A00165,B00154,1,Inn Central,"Avenue Europa, 5371",Rio de Janeiro,BR,-22.882317,-43.168692,4.2,811.0,5.0,7.2,"parking, wifi, air_conditioning, pet_friendly"
A00173,B00162,1,Suites Liberdade,Rua Europa 5627,Rio de Janeiro,BR,-22.920511,-43.153008,3.4,939.0,4.0,8.8,"bar, pet_friendly, spa, restaurant, pool"
A00176,B00165,1,Grand Copacabana II,"Pça. Central, 8358",Rio de Janeiro,BR,-22.89045,-43.146592,4.4,401.0,3.0,9.0,"air_conditioning, spa, gym, parking, wifi"
A00184,B00173,1,Palace Paulista Saint,"Street da República, 3592",Rio de Janeiro,BR,-22.979394,-43.098917,2.3,645.0,3.0,9.4,"wifi, parking, pool, restaurant, air_conditioning, spa"
A00195,B00184,1,Suites Seine II,"Rua Liberdade, 2990",Rio de Janeiro,BR,-22.880564,-43.167354,4.3,178.0,5.0,8.7,"air_conditioning, restaurant, pet_friendly, bar, parking, spa"
A00199,B00188,1,Residency Seine Boutique,Praça Augusta 146,Rio de Janeiro,BR,-22.918995,-43.224658,3.7,248.0,3.0,8.4,"wifi, bar, parking, air_conditioning, spa, restaurant"
A00200,B00189,1,Inn Copacabana,"Avenue Paulista, 631",Rio de Janeiro,BR,-22.940372,-43.214741,3.6,289.0,4.0,7.3,"restaurant, pet_friendly, bar, wifi, spa, parking"
A00214,B00203,1,Grand Hotel Copacabana II,"Avenue da República, 8124",Rio de Janeiro,BR,-22.873821,-43.155147,4.6,1026.0,5.0,8.8,"wifi, air_conditioning, pool, parking, bar"
A00216,B00205,1,Residency Liberdade,"Praça Europa, 8755",Rio de Janeiro,BR,-22.896596,-43.203745,3.9,785.0,4.0,7.8,"air_conditioning, pool, pet_friendly, parking"
A00224,B00213,1,Palace Lumière II & Spa,"R. da Sé, 7354",Rio de Janeiro,BR,-22.926629,-43.141498,4.4,434.0,5.0,9.4,"spa, parking, restaurant, gym"
A00225,B00214,1,Residency Central,"Avenue Europa, 7379",Rio de Janeiro,BR,-22.949958,-43.277028,4.4,601.0,4.0,7.4,"bar, wifi, gym, parking, air_conditioning, spa"
A00228,B00217,1,Pousada Liberdade,Pça. dos Andradas 3391,Rio de Janeiro,BR,-22.85809,-43.13052,4.0,900.0,4.0,9.5,"restaurant, spa, pet_friendly, wifi, parking, pool"
A00238,B00227,1,Suites Cathedral,"Praça Copacabana, 6745",Rio de Janeiro,BR,-22.9207,-43.21389,4.0,415.0,3.0,9.1,"parking, pool, wifi, air_conditioning, pet_friendly"
A00243,B00232,1,Grand Hotel Europa,"Avenida Paulista, 3832",Rio de Janeiro,BR,-22.936381,-43.191282,3.5,1.0,5.0,7.5,"bar, parking, spa, pool, pet_friendly, restaurant"
A00258,B00247,1,Grand  Augusta II,"Street Copacabana, 3745",Rio de Janeiro,BR,-22.903983,-43.209905,4.6,542.0,5.0,8.2,"gym, wifi, pool"
A00261,B00250,1,Residency Seine,"Rua Central, 9429",Rio de Janeiro,BR,-22.866146,-43.106452,4.8,704.0,5.0,7.7,"pool, gym, bar, restaurant"
A00290,B00279,1,Inn Lumière Saint,"Avenue Copacabana, 8681",Rio de Janeiro,BR,-22.941185,-43.050535,4.3,372.0,5.0,8.6,"air_conditioning, pool, restaurant, pet_friendly"
A00293,B00282,1,Grand Hotel Seine II,"Praça dos Andradas, 1933",Rio de Janeiro,BR,-22.980505,-43.185182,3.8,638.0,4.0,8.2,"spa, air_conditioning, gym, pool, pet_friendly"
A00307,B00296,1,Residency Augusta,"Praça dos Andradas, 2973",Rio de Janeiro,BR,-22.883163,-43.166198,4.4,267.0,3.0,9.3,"bar, gym, parking, restaurant, pet_friendly, air_conditioning"
A00309,B00298,1,Hotel Europa II,"Rua da República, 3803",Rio de Janeiro,BR,-22.950668,-43.201029,2.9,419.0,5.0,8.5,"air_conditioning, parking, pet_friendly, wifi"
A00312,B00301,1,Palace Lumière Saint,"Avenue da República, 8561",Rio de Janeiro,BR,-22.912987,-43.179917,4.1,716.0,4.0,8.8,"restaurant, parking, wifi"
A00322,B00311,1,Hotel Liberdade Saint,"Avenue Paulista, 817",Rio de Janeiro,BR,-22.912305,-43.208764,4.9,689.0,3.0,7.9,"spa, bar, air_conditioning, wifi"
A00323,B00312,1,Grand Gaudí II,"Rua das Flores, 6812",Rio de Janeiro,BR,-22.918721,-43.088123,4.0,603.0,5.0,9.3,"gym, restaurant, pet_friendly, pool, wifi, bar"
A00334,B00323,1,Suites Lumière,"Avenue dos Andradas, 8093",Rio de Janeiro,BR,-22.897687,-43.190285,4.5,747.0,3.0,9.7,"restaurant, pet_friendly, parking"
A00344,B00333,1,Palace Liberdade II,"Avenida Copacabana, 1547",Rio de Janeiro,BR,-22.967806,-43.18495,3.6,521.0,3.0,8.7,"bar, wifi, air_conditioning"
A00345,B00334,1,Grand Hotel Augusta Saint Boutique,"Street Liberdade, 6629",Rio de Janeiro,BR,-22.929452,-43.19322,3.3,675.0,4.0,9.6,"pool, parking, gym, air_conditioning"
A00358,B00347,1,Hotel Paulista Saint,"Rua da Sé, 7000",Rio de Janeiro,BR,-22.905884,-43.159781,4.0,559.0,4.0,8.9,"air_conditioning, bar, restaurant, spa, pool, pet_friendly"
A00368,B00357,1,Palace Paulista Saint,"Rua Liberdade, 1074",Rio de Janeiro,BR,-22.963577,-43.257846,4.8,934.0,3.0,9.4,"wifi, parking, pool, restaurant, air_conditioning, spa"
A00382,B00371,1,Pousada Central,"Street Augusta, 2582",Rio de Janeiro,BR,-22.944435,-43.189695,4.6,209.0,5.0,7.8,"parking, spa, pet_friendly, restaurant, bar, air_conditioning"
A00388,B00377,1, Copacabana,"Street Copacabana, 4884",Rio de Janeiro,BR,-22.838014,-43.277911,3.8,256.0,5.0,9.1,"pool, gym, spa"
A00398,B00387,1,Pousada Europa & Spa,"Rua Central, 3893",Rio de Janeiro,BR,-22.935377,-43.126437,4.1,612.0,3.0,9.7,"parking, wifi, bar, pool, air_conditioning"
A00092,B00081,1,Inn Paulista,Praça Augusta 7997,Madrid,ES,40.423421,-3.706885,4.0,784.0,5.0,9.6,"pet_friendly, spa, wifi, air_conditioning, parking"
A00105,B00094,1,Residency Gaudí Saint,"Avenue Europa, 2157",Madrid,ES,40.50898,-3.68218,4.1,565.0,4.0,7.2,"air_conditioning, gym, pet_friendly"
A00121,B00110,1,Residency Lumière II,"Avenida da República, 8718",Madrid,ES,40.510734,-3.687204,4.4,199.0,4.0,7.8,"wifi, pet_friendly, parking"
A00131,B00120,1,Suites Paulista Saint,"Rua Central, 4671",Madrid,ES,40.359691,-3.783282,3.6,500.0,5.0,7.3,"air_conditioning, restaurant, parking"
A00144,B00133,1,Hotel Cathedral,Avenue Liberdade 4243,Madrid,ES,40.335758,-3.613277,3.4,243.0,5.0,8.7,"restaurant, spa, wifi, parking, pool"
A00146,B00135,1,Pousada Augusta II,"Rua Europa, 1388",Madrid,ES,40.434808,-3.698071,3.3,434.0,3.0,9.4,"gym, air_conditioning, pool, bar, spa"
A00158,B00147,1,Pousada Seine II Boutique,"Avenue Copacabana, 4347",Madrid,ES,40.394936,-3.630906,5.0,405.0,3.0,8.5,"air_conditioning, restaurant, wifi, pet_friendly, gym"
A00169,B00158,1,Residency Copacabana,"Rua Central, 9883",Madrid,ES,40.351516,-3.66351,4.7,1147.0,5.0,8.4,"pool, spa, bar, restaurant, parking"
A00179,B00168,1,Hotel Copacabana,"Avenida Augusta, 5384",Madrid,ES,40.471925,-3.726441,4.8,645.0,4.0,9.5,"air_conditioning, gym, parking, bar, restaurant, spa"
A00193,B00182,1,Hotel Cathedral St. Boutique,"Praça Paulista, 1389",Madrid,ES,40.426488,-3.750702,3.3,1.0,3.0,7.8,"air_conditioning, gym, restaurant, pool, parking, pet_friendly"
A00201,B00190,1,Pousada Seine,"Ave Central, 1101",Madrid,ES,40.435812,-3.701495,4.3,194.0,4.0,7.8,"bar, parking, wifi, spa, air_conditioning"
A00204,B00193,1,Palace Gaudí Saint,"Avenida Central, 208",Madrid,ES,40.30086,-3.726466,3.6,764.0,3.0,8.9,"restaurant, wifi, air_conditioning"
A00213,B00202,1,Palace Central II,"Avenida Paulista, 6165",Madrid,ES,40.480137,-3.755085,2.9,338.0,5.0,9.5,"restaurant, pet_friendly, wifi"
A00232,B00221,1,Hotel Europa II,"Avenue Augusta, 8896",Madrid,ES,40.417315,-3.610665,4.9,413.0,4.0,9.3,"pet_friendly, air_conditioning, spa, gym, wifi"
A00235,B00224,1,Hotel Europa,"Rua Paulista, 6589",Madrid,ES,40.400895,-3.725425,4.6,342.0,4.0,9.1,"bar, restaurant, gym"
A00251,B00240,1,Inn Lumière II,"Rua das Flores, 7805",Madrid,ES,40.456647,-3.734317,4.3,292.0,5.0,9.5,"parking, pet_friendly, restaurant, spa"
A00256,B00245,1,Grand Hotel Paulista,"Avenida das Flores, 4876",Madrid,ES,40.411195,-3.777423,3.3,1.0,4.0,8.3,"spa, pool, pet_friendly"
A00271,B00260,1,Pousada Gaudí Saint,"Rua Liberdade, 3826",Madrid,ES,40.41718,-3.651579,5.0,70.0,4.0,8.8,"pool, bar, restaurant"
A00272,B00261,1,Pousada Liberdade II,"R. das Flores, 2842",Madrid,ES,40.456257,-3.676508,3.8,670.0,5.0,9.4,"spa, pool, wifi, gym, parking"
A00284,B00273,1,Palace Augusta Saint,Praça dos Andradas 4425,Madrid,ES,40.404772,-3.683473,4.7,981.0,4.0,8.5,"spa, restaurant, bar, wifi, pet_friendly"
A00305,B00294,1,Paulista Boutique,"Avenue da República, 1904",Madrid,ES,40.325283,-3.679667,5.0,44.0,5.0,7.5,"air_conditioning, restaurant, pet_friendly, bar"
A00308,B00297,1,Suites Liberdade,"Praça Copacabana, 4069",Madrid,ES,40.423256,-3.73341,3.3,113.0,3.0,8.8,"air_conditioning, bar, spa, pool"
A00316,B00305,1,Pousada Seine & Spa,"Avenue dos Andradas, 6916",Madrid,ES,40.467602,-3.748716,4.1,410.0,3.0,9.5,"pet_friendly, parking, spa, bar"
A00332,B00321,1,Palace Seine II,"Street da República, 923",Madrid,ES,40.460391,-3.762048,4.5,713.0,5.0,7.4,"pool, gym, spa"
A00371,B00360,1,Residency Seine,"Praça Europa, 7120",Madrid,ES,40.406463,-3.705036,3.6,830.0,4.0,8.5,"air_conditioning, parking, wifi"
A00373,B00362,1,Palace Central,Rua Augusta 7702,Madrid,ES,40.494931,-3.772679,5.0,434.0,5.0,8.9,"bar, restaurant, air_conditioning, wifi, parking, pool"
A00432,B00421,1,Grand Hotel Europa,"Street da Sé, 8882",Madrid,ES,40.543873,-3.686345,4.8,405.0,4.0,8.0,"wifi, bar, parking, pet_friendly, gym"
A00433,B00422,1,Pousada Augusta Saint,"Praça Augusta, 5566",Madrid,ES,40.511663,-3.715095,3.6,440.0,5.0,8.1,"pool, air_conditioning, spa, restaurant, parking, wifi"
A00434,B00423,1,Grand Hotel Copacabana 2,"Avenida dos Andradas, 4814",Madrid,ES,40.467066,-3.717396,4.7,278.0,3.0,8.3,"bar, restaurant, air_conditioning, spa"
A00435,B00424,1,Suites Gaudí,"Avenue da Sé, 4436",Madrid,ES,40.439858,-3.656575,3.9,305.0,4.0,8.6,"bar, parking, air_conditioning, gym, pool, restaurant"
